<?xml version="1.0" encoding="UTF-8"?>
<LightningComponentBundle xmlns="http://soap.sforce.com/2006/04/metadata">
    <apiVersion>50.0</apiVersion>
    <isExposed>true</isExposed>
    <targets>
        <target>lightning__AppPage</target>
        <target>lightning__RecordPage</target>
    </targets>
    <targetConfigs>
        <targetConfig targets="lightning__AppPage,lightning__RecordPage">
            <property name="boolDetailView" label="Is Detailed View" type="Boolean"/>
        </targetConfig>
    </targetConfigs>
</LightningComponentBundle>
