<?xml version="1.0" encoding="UTF-8"?>
<LightningComponentBundle xmlns="http://soap.sforce.com/2006/04/metadata">
    <apiVersion>50.0</apiVersion>
    <isExposed>true</isExposed>
    <targets>
        <target>lightning__RecordPage</target>
    </targets>
    <targetConfigs>
        <targetConfig targets="lightning__RecordPage">
            <property name="titleDatatable" type="String" label="Data Table Title" required="true"/>
            <property name="recordtypeName" type="String" label="Record Type Name" required="true"/>
            <property name="fieldSelector" type="Boolean" label="What Fields to display" required="true"/>
        </targetConfig>
        </targetConfigs>


</LightningComponentBundle>